id,arm,variant,repeat,stage,score,checks_passed,checks_total,critical_failures,inconclusive,readme_present,common_passed,common_total,accepted_phases,test_execution_records
V1-r1-N,N,V1,1,1,1.0,20,20,0,False,False,20,20,,
V1-r1-N,N,V1,1,2,1.0,22,22,0,False,True,20,20,,
V1-r1-S,S,V1,1,1,1.0,20,20,0,False,False,20,20,,
V1-r1-S,S,V1,1,2,1.0,22,22,0,False,True,20,20,,
V1-r1-T,T,V1,1,1,1.0,20,20,0,False,False,20,20,1,0
V1-r1-T,T,V1,1,2,0.9090909090909091,20,22,0,False,False,20,20,7,0
V1-r2-N,N,V1,2,1,1.0,20,20,0,False,False,20,20,,
V1-r2-N,N,V1,2,2,0.3181818181818182,7,22,0,False,False,7,20,,
V1-r2-S,S,V1,2,1,1.0,20,20,0,False,False,20,20,,
V1-r2-S,S,V1,2,2,1.0,22,22,0,False,True,20,20,,
V1-r2-T,T,V1,2,1,1.0,20,20,0,False,False,20,20,1,0
V1-r2-T,T,V1,2,2,1.0,22,22,0,False,False,20,20,0,0
V2-r1-N,N,V2,1,1,1.0,20,20,0,False,False,20,20,,
V2-r1-N,N,V2,1,2,0.3181818181818182,7,22,0,False,False,7,20,,
V2-r1-S,S,V2,1,1,1.0,20,20,0,False,False,20,20,,
V2-r1-S,S,V2,1,2,1.0,22,22,0,False,True,20,20,,
V2-r1-T,T,V2,1,1,1.0,20,20,0,False,False,20,20,1,0
V2-r1-T,T,V2,1,2,1.0,22,22,0,False,False,20,20,0,0
V2-r2-N,N,V2,2,1,0.35,7,20,0,False,False,7,20,,
V2-r2-N,N,V2,2,2,0.3181818181818182,7,22,0,False,True,7,20,,
V2-r2-S,S,V2,2,1,1.0,20,20,0,False,False,20,20,,
V2-r2-S,S,V2,2,2,1.0,22,22,0,False,True,20,20,,
V2-r2-T,T,V2,2,1,1.0,20,20,0,False,False,20,20,1,0
V2-r2-T,T,V2,2,2,1.0,22,22,0,False,False,20,20,0,0
V3-r1-N,N,V3,1,1,1.0,20,20,0,False,False,20,20,,
V3-r1-N,N,V3,1,2,1.0,22,22,0,False,True,20,20,,
V3-r1-S,S,V3,1,1,0.35,7,20,0,False,False,7,20,,
V3-r1-S,S,V3,1,2,0.3181818181818182,7,22,0,False,False,7,20,,
V3-r1-T,T,V3,1,1,1.0,20,20,0,False,False,20,20,1,0
V3-r1-T,T,V3,1,2,1.0,22,22,0,False,False,20,20,0,0
V3-r2-N,N,V3,2,1,0.35,7,20,0,False,False,7,20,,
V3-r2-N,N,V3,2,2,0.3181818181818182,7,22,0,False,True,7,20,,
V3-r2-S,S,V3,2,1,0.35,7,20,0,False,False,7,20,,
V3-r2-S,S,V3,2,2,0.3181818181818182,7,22,0,False,False,7,20,,
V3-r2-T,T,V3,2,1,1.0,20,20,0,False,False,20,20,1,0
V3-r2-T,T,V3,2,2,1.0,22,22,0,False,False,20,20,1,0
